ID,YesID,NoID,Description,Comments
1,2,12,Are you looking for a car for daily commute?,This is the first decision point in determining whether the person is looking for a car for daily commute or not.
2,3,4,Are you looking for a fuel-efficient car?,If the answer is yes then the decision tree moves to the next question about fuel efficiency. If no then it moves to a different branch of the decision tree.
3,22,21,Are you primarily concerned with reducing your carbon footprint?,This question narrows down the options for the person based on their priority of reducing carbon footprint.
4,5,8,Do you have a family with children?,This question helps determine the size and type of car that would be suitable for the person's needs.
5,6,17,Do u have three or more children?,This question further refines the options based on the size of the family.
6,7,10,Do you need a lot of passenger space?,This question helps determine the type of car that would be suitable for the person's needs in terms of passenger space.
7,7,7,You should choose an Estate car,This is a recommendation for the person based on the previous questions.
8,9,11,Do you prefer a compact car?,This question helps determine the type of car that would be suitable for the person's needs in terms of size.
9,9,9,A Hatchback would be a good choice for you.,This is a recommendation for the person based on the previous questions.
10,10,10,A SUV is a good choice for you,This is a recommendation for the person based on the previous questions.
11,11,11,A Hatchback would be a good choice for you.,This is a recommendation for the person based on the previous questions.
12,23,14,Are you primarily concerned with fuel efficiency and environmental impact?,This question narrows down the options for the person based on their priority of fuel efficiency and environmental impact.
13,13,13,A Sports car would be a good choice for you.,This is a recommendation for the person based on the previous questions.
14,25,26,Do you prioritize a sporty and agile driving experience?,This question helps determine the type of car that would be suitable for the person's needs in terms of driving experience.
15,15,15,consider a luxury SUV  ,This is a recommendation for the person based on the previous questions.
16,16,16,consider a luxury Estate,This is a recommendation for the person based on the previous questions.
17,10,13,Do you need a lot of cargo space?,This question helps determine the type of car that would be suitable for the person's needs in terms of cargo space.
18,22,23,Do you have access to charging stations or are you able to install a home charging station?,This question helps determine the type of car that would be suitable for the person's needs in terms of charging infrastructure.
19,21,20,Are you primarily concerned with saving money on fuel costs?,This question narrows down the options for the person based on their priority of saving money on fuel costs.
20,21,22,Do you frequently drive long distances?,This question helps determine the type of car that would be suitable
21,21,21,consider Hybrid car,This is a recommendation for the person based on the previous questions to consider a hybrid car.
22,22,22,consider electric car,This is a recommendation for the person based on the previous questions to consider an electric car.
23,24,14,Do you frequently transport large items or groups of people?,This question helps determine the type of car that would be suitable for the person's needs in terms of transporting large items or groups of people.
24,24,24,consider a luxury hatchback,This is a recommendation for the person based on the previous questions to consider a luxury hatchback
25,13,15,Do you prioritize a spacious and comfortable cabin and more leg room?,This question helps determine the type of car that would be suitable for the person's needs in terms of spacious and comfortable cabin and more leg room.
26,15,16,Do you prioritize space for cargo and off-road capabilities?,This question helps determine the type of car that would be suitable for the person's needs in terms of space for cargo and off-road capabilities.